person,240,867,1660806000.jpg,1920,1080
person,155,800,1660806000.jpg,1920,1080
person,633,565,1660806000.jpg,1920,1080
person,659,570,1660806000.jpg,1920,1080
person,468,590,1660806000.jpg,1920,1080
person,501,588,1660806000.jpg,1920,1080
person,1261,546,1660806000.jpg,1920,1080
person,1181,528,1660806000.jpg,1920,1080
person,1468,484,1660806000.jpg,1920,1080
person,70,575,1660809600.jpg,1920,1080
person,292,596,1660809600.jpg,1920,1080
person,442,557,1660809600.jpg,1920,1080
person,488,541,1660809600.jpg,1920,1080
person,509,577,1660809600.jpg,1920,1080
person,543,544,1660809600.jpg,1920,1080
person,597,572,1660809600.jpg,1920,1080
person,690,536,1660809600.jpg,1920,1080
person,667,523,1660809600.jpg,1920,1080
person,778,531,1660809600.jpg,1920,1080
person,1522,965,1660809600.jpg,1920,1080
person,1581,955,1660809600.jpg,1920,1080
person,992,515,1660809600.jpg,1920,1080
person,956,531,1660809600.jpg,1920,1080
person,928,531,1660809600.jpg,1920,1080
person,1212,523,1660809600.jpg,1920,1080
person,1196,482,1660809600.jpg,1920,1080
person,1318,515,1660809600.jpg,1920,1080
person,1341,510,1660809600.jpg,1920,1080
person,1403,508,1660809600.jpg,1920,1080
person,1372,508,1660809600.jpg,1920,1080
person,1491,459,1660809600.jpg,1920,1080
person,1610,441,1660809600.jpg,1920,1080
person,1550,469,1660809600.jpg,1920,1080
person,1545,443,1660809600.jpg,1920,1080
person,256,596,1660813200.jpg,1920,1080
person,279,593,1660813200.jpg,1920,1080
person,302,601,1660813200.jpg,1920,1080
person,1481,745,1660813200.jpg,1920,1080
person,1416,596,1660813200.jpg,1920,1080
person,1786,596,1660813200.jpg,1920,1080
person,1507,546,1660813200.jpg,1920,1080
person,1571,539,1660813200.jpg,1920,1080
person,1540,541,1660813200.jpg,1920,1080
person,1685,513,1660813200.jpg,1920,1080
person,1664,513,1660813200.jpg,1920,1080
person,1610,508,1660813200.jpg,1920,1080
person,1576,518,1660813200.jpg,1920,1080
person,1553,518,1660813200.jpg,1920,1080
person,1359,534,1660813200.jpg,1920,1080
person,1251,544,1660813200.jpg,1920,1080
person,1274,534,1660813200.jpg,1920,1080
person,943,603,1660813200.jpg,1920,1080
person,861,544,1660813200.jpg,1920,1080
person,835,541,1660813200.jpg,1920,1080
person,977,575,1660813200.jpg,1920,1080
person,1023,567,1660813200.jpg,1920,1080
person,1116,541,1660813200.jpg,1920,1080
person,1230,500,1660813200.jpg,1920,1080
person,481,541,1660813200.jpg,1920,1080
person,426,559,1660813200.jpg,1920,1080
person,460,603,1660813200.jpg,1920,1080
person,496,575,1660813200.jpg,1920,1080
person,398,570,1660813200.jpg,1920,1080
person,819,510,1660813200.jpg,1920,1080
person,907,518,1660813200.jpg,1920,1080
person,1199,503,1660813200.jpg,1920,1080
person,1049,526,1660813200.jpg,1920,1080
person,1083,523,1660813200.jpg,1920,1080
person,1344,503,1660813200.jpg,1920,1080
person,1300,492,1660813200.jpg,1920,1080
person,1426,474,1660813200.jpg,1920,1080
person,1452,557,1660813200.jpg,1920,1080
person,1318,472,1660813200.jpg,1920,1080
person,662,549,1660813200.jpg,1920,1080
person,628,577,1660813200.jpg,1920,1080
person,558,580,1660813200.jpg,1920,1080
person,566,937,1660816800.jpg,1920,1080
person,1695,1025,1660816800.jpg,1920,1080
person,1351,694,1660816800.jpg,1920,1080
person,1333,720,1660816800.jpg,1920,1080
person,1476,588,1660816800.jpg,1920,1080
person,1519,588,1660816800.jpg,1920,1080
person,1243,601,1660816800.jpg,1920,1080
person,806,645,1660816800.jpg,1920,1080
person,687,627,1660816800.jpg,1920,1080
person,651,616,1660816800.jpg,1920,1080
person,690,534,1660816800.jpg,1920,1080
person,762,534,1660816800.jpg,1920,1080
person,610,580,1660816800.jpg,1920,1080
person,628,554,1660816800.jpg,1920,1080
person,566,544,1660816800.jpg,1920,1080
person,457,552,1660816800.jpg,1920,1080
person,432,562,1660816800.jpg,1920,1080
person,432,534,1660816800.jpg,1920,1080
person,514,541,1660816800.jpg,1920,1080
person,504,585,1660816800.jpg,1920,1080
person,444,621,1660816800.jpg,1920,1080
person,408,619,1660816800.jpg,1920,1080
person,191,577,1660816800.jpg,1920,1080
person,225,562,1660816800.jpg,1920,1080
person,248,546,1660816800.jpg,1920,1080
person,287,552,1660816800.jpg,1920,1080
person,333,588,1660816800.jpg,1920,1080
person,380,585,1660816800.jpg,1920,1080
person,351,565,1660816800.jpg,1920,1080
person,132,634,1660816800.jpg,1920,1080
person,256,629,1660816800.jpg,1920,1080
person,163,575,1660816800.jpg,1920,1080
person,59,565,1660816800.jpg,1920,1080
person,457,528,1660816800.jpg,1920,1080
person,1199,634,1660816800.jpg,1920,1080
person,1432,570,1660816800.jpg,1920,1080
person,1739,546,1660816800.jpg,1920,1080
person,1703,562,1660816800.jpg,1920,1080
person,1713,518,1660816800.jpg,1920,1080
person,1600,544,1660816800.jpg,1920,1080
person,1579,552,1660816800.jpg,1920,1080
person,1442,474,1660816800.jpg,1920,1080
person,1158,500,1660816800.jpg,1920,1080
person,1184,492,1660816800.jpg,1920,1080
person,1016,518,1660816800.jpg,1920,1080
person,995,536,1660816800.jpg,1920,1080
person,1264,546,1660816800.jpg,1920,1080
person,1233,539,1660816800.jpg,1920,1080
person,1383,531,1660816800.jpg,1920,1080
person,1721,947,1660816800.jpg,1920,1080
person,1377,482,1660816800.jpg,1920,1080
person,1204,531,1660816800.jpg,1920,1080
person,1287,510,1660816800.jpg,1920,1080
person,1323,593,1660816800.jpg,1920,1080
person,1372,614,1660816800.jpg,1920,1080
person,1592,505,1660816800.jpg,1920,1080
person,814,534,1660816800.jpg,1920,1080
person,879,534,1660816800.jpg,1920,1080
person,917,521,1660816800.jpg,1920,1080
person,1065,505,1660816800.jpg,1920,1080
person,1266,487,1660816800.jpg,1920,1080
person,1488,472,1660816800.jpg,1920,1080
person,1910,552,1660816800.jpg,1920,1080
person,344,800,1660820400.jpg,1920,1080
person,566,647,1660820400.jpg,1920,1080
person,470,632,1660820400.jpg,1920,1080
person,442,621,1660820400.jpg,1920,1080
person,401,624,1660820400.jpg,1920,1080
person,377,598,1660820400.jpg,1920,1080
person,230,601,1660820400.jpg,1920,1080
person,41,572,1660820400.jpg,1920,1080
person,72,562,1660820400.jpg,1920,1080
person,119,570,1660820400.jpg,1920,1080
person,1093,681,1660820400.jpg,1920,1080
person,1052,696,1660820400.jpg,1920,1080
person,910,619,1660820400.jpg,1920,1080
person,889,624,1660820400.jpg,1920,1080
person,786,634,1660820400.jpg,1920,1080
person,625,673,1660820400.jpg,1920,1080
person,848,528,1660820400.jpg,1920,1080
person,667,580,1660820400.jpg,1920,1080
person,1295,621,1660820400.jpg,1920,1080
person,1318,619,1660820400.jpg,1920,1080
person,1346,616,1660820400.jpg,1920,1080
person,1718,575,1660820400.jpg,1920,1080
person,1685,575,1660820400.jpg,1920,1080
person,1491,608,1660820400.jpg,1920,1080
person,1158,503,1660820400.jpg,1920,1080
person,961,526,1660820400.jpg,1920,1080
person,995,513,1660820400.jpg,1920,1080
person,933,510,1660820400.jpg,1920,1080
person,749,536,1660820400.jpg,1920,1080
person,649,546,1660820400.jpg,1920,1080
person,674,539,1660820400.jpg,1920,1080
person,540,544,1660820400.jpg,1920,1080
person,416,544,1660820400.jpg,1920,1080
person,506,580,1660820400.jpg,1920,1080
person,488,552,1660820400.jpg,1920,1080
person,607,603,1660820400.jpg,1920,1080
person,848,598,1660820400.jpg,1920,1080
person,827,596,1660820400.jpg,1920,1080
person,1044,572,1660820400.jpg,1920,1080
person,1222,583,1660820400.jpg,1920,1080
person,1134,565,1660820400.jpg,1920,1080
person,1261,577,1660820400.jpg,1920,1080
person,1346,575,1660820400.jpg,1920,1080
person,1199,562,1660820400.jpg,1920,1080
person,1271,518,1660820400.jpg,1920,1080
person,339,552,1660820400.jpg,1920,1080
person,1886,523,1660820400.jpg,1920,1080
person,1912,523,1660820400.jpg,1920,1080
person,1476,484,1660820400.jpg,1920,1080
person,1491,459,1660820400.jpg,1920,1080
person,1390,479,1660820400.jpg,1920,1080
person,1892,495,1660820400.jpg,1920,1080
person,475,676,1660820400.jpg,1920,1080
person,419,670,1660820400.jpg,1920,1080
person,726,655,1660820400.jpg,1920,1080
person,708,696,1660820400.jpg,1920,1080
person,323,660,1660820400.jpg,1920,1080
person,158,926,1660824000.jpg,1920,1080
person,227,833,1660824000.jpg,1920,1080
person,70,779,1660824000.jpg,1920,1080
person,1902,539,1660824000.jpg,1920,1080
person,1868,477,1660824000.jpg,1920,1080
person,1799,572,1660824000.jpg,1920,1080
person,1093,686,1660824000.jpg,1920,1080
person,1047,689,1660824000.jpg,1920,1080
person,912,629,1660824000.jpg,1920,1080
person,1008,629,1660824000.jpg,1920,1080
person,804,624,1660824000.jpg,1920,1080
person,783,652,1660824000.jpg,1920,1080
person,628,665,1660824000.jpg,1920,1080
person,669,554,1660824000.jpg,1920,1080
person,483,534,1660824000.jpg,1920,1080
person,525,562,1660824000.jpg,1920,1080
person,558,567,1660824000.jpg,1920,1080
person,357,562,1660824000.jpg,1920,1080
person,336,541,1660824000.jpg,1920,1080
person,204,650,1660824000.jpg,1920,1080
person,47,663,1660824000.jpg,1920,1080
person,101,676,1660824000.jpg,1920,1080
person,313,593,1660824000.jpg,1920,1080
person,284,549,1660824000.jpg,1920,1080
person,214,559,1660824000.jpg,1920,1080
person,168,614,1660824000.jpg,1920,1080
person,142,562,1660824000.jpg,1920,1080
person,106,562,1660824000.jpg,1920,1080
person,403,552,1660824000.jpg,1920,1080
person,840,528,1660824000.jpg,1920,1080
person,1044,536,1660824000.jpg,1920,1080
person,1010,528,1660824000.jpg,1920,1080
person,995,552,1660824000.jpg,1920,1080
person,930,521,1660824000.jpg,1920,1080
person,992,608,1660824000.jpg,1920,1080
person,917,660,1660824000.jpg,1920,1080
person,850,670,1660824000.jpg,1920,1080
person,1341,487,1660824000.jpg,1920,1080
person,1364,487,1660824000.jpg,1920,1080
person,1432,577,1660824000.jpg,1920,1080
person,1478,472,1660824000.jpg,1920,1080
person,1140,505,1660824000.jpg,1920,1080
person,700,567,1660824000.jpg,1920,1080
person,889,596,1660824000.jpg,1920,1080
person,1367,826,1660827600.jpg,1920,1080
person,1388,805,1660827600.jpg,1920,1080
person,1667,637,1660827600.jpg,1920,1080
person,985,727,1660827600.jpg,1920,1080
person,1028,730,1660827600.jpg,1920,1080
person,760,645,1660827600.jpg,1920,1080
person,788,627,1660827600.jpg,1920,1080
person,256,676,1660827600.jpg,1920,1080
person,217,683,1660827600.jpg,1920,1080
person,98,645,1660827600.jpg,1920,1080
person,372,552,1660827600.jpg,1920,1080
person,654,567,1660827600.jpg,1920,1080
person,543,552,1660827600.jpg,1920,1080
person,486,541,1660827600.jpg,1920,1080
person,1527,590,1660827600.jpg,1920,1080
person,1284,629,1660827600.jpg,1920,1080
person,1313,621,1660827600.jpg,1920,1080
person,1445,583,1660827600.jpg,1920,1080
person,1840,544,1660827600.jpg,1920,1080
person,1897,510,1660827600.jpg,1920,1080
person,1716,570,1660827600.jpg,1920,1080
person,1685,554,1660827600.jpg,1920,1080
person,1031,676,1660827600.jpg,1920,1080
person,1103,676,1660827600.jpg,1920,1080
person,842,668,1660827600.jpg,1920,1080
person,892,673,1660827600.jpg,1920,1080
person,602,590,1660827600.jpg,1920,1080
person,581,546,1660827600.jpg,1920,1080
person,646,526,1660827600.jpg,1920,1080
person,618,523,1660827600.jpg,1920,1080
person,698,557,1660827600.jpg,1920,1080
person,677,552,1660827600.jpg,1920,1080
person,767,546,1660827600.jpg,1920,1080
person,853,513,1660827600.jpg,1920,1080
person,933,526,1660827600.jpg,1920,1080
person,990,518,1660827600.jpg,1920,1080
person,1039,510,1660827600.jpg,1920,1080
person,1070,508,1660827600.jpg,1920,1080
person,997,601,1660827600.jpg,1920,1080
person,977,601,1660827600.jpg,1920,1080
person,961,575,1660827600.jpg,1920,1080
person,1124,549,1660827600.jpg,1920,1080
person,1233,593,1660827600.jpg,1920,1080
person,1264,567,1660827600.jpg,1920,1080
person,1297,567,1660827600.jpg,1920,1080
person,1367,565,1660827600.jpg,1920,1080
person,1165,513,1660827600.jpg,1920,1080
person,1140,510,1660827600.jpg,1920,1080
person,1600,963,1660834800.jpg,1920,1080
person,1300,1043,1660834800.jpg,1920,1080
person,1677,792,1660834800.jpg,1920,1080
person,1737,815,1660834800.jpg,1920,1080
person,1760,802,1660834800.jpg,1920,1080
person,1186,658,1660834800.jpg,1920,1080
person,1124,670,1660834800.jpg,1920,1080
person,93,639,1660834800.jpg,1920,1080
person,152,735,1660834800.jpg,1920,1080
person,93,570,1660834800.jpg,1920,1080
person,158,637,1660834800.jpg,1920,1080
person,183,621,1660834800.jpg,1920,1080
person,225,570,1660834800.jpg,1920,1080
person,202,562,1660834800.jpg,1920,1080
person,455,624,1660834800.jpg,1920,1080
person,364,650,1660834800.jpg,1920,1080
person,357,611,1660834800.jpg,1920,1080
person,509,616,1660834800.jpg,1920,1080
person,641,696,1660834800.jpg,1920,1080
person,705,709,1660834800.jpg,1920,1080
person,871,676,1660834800.jpg,1920,1080
person,762,694,1660834800.jpg,1920,1080
person,990,596,1660834800.jpg,1920,1080
person,734,521,1660834800.jpg,1920,1080
person,760,541,1660834800.jpg,1920,1080
person,483,526,1660834800.jpg,1920,1080
person,450,541,1660834800.jpg,1920,1080
person,848,526,1660834800.jpg,1920,1080
person,930,518,1660834800.jpg,1920,1080
person,837,614,1660834800.jpg,1920,1080
person,690,575,1660834800.jpg,1920,1080
person,943,570,1660834800.jpg,1920,1080
person,933,606,1660834800.jpg,1920,1080
person,920,670,1660834800.jpg,1920,1080
person,1424,593,1660834800.jpg,1920,1080
person,1452,583,1660834800.jpg,1920,1080
person,1398,544,1660834800.jpg,1920,1080
person,1189,505,1660834800.jpg,1920,1080
person,1302,503,1660834800.jpg,1920,1080
person,1362,487,1660834800.jpg,1920,1080
person,969,554,1660834800.jpg,1920,1080
person,1266,590,1660834800.jpg,1920,1080
person,1150,590,1660834800.jpg,1920,1080
person,1842,490,1660834800.jpg,1920,1080
person,1788,534,1660834800.jpg,1920,1080
person,1457,541,1660834800.jpg,1920,1080
person,1336,523,1660834800.jpg,1920,1080
person,1134,505,1660834800.jpg,1920,1080
person,1243,500,1660834800.jpg,1920,1080